{"cameraMode":{"drawMode":0,"name":"Shaded","section":"Shading Mode"},"sceneLighting":false,"audioPlay":false,"sceneViewState":{"showFog":true,"showMaterialUpdate":false,"showSkybox":true,"showFlares":true,"showImageEffects":true,"showParticleSystems":true},"in2DMode":false,"pivot":{"x":2.2892119884490969,"y":0.4209401607513428,"z":1.7704949378967286},"rotation":{"x":0.26963329315185549,"y":0.5762962698936462,"z":-0.20926156640052796,"w":0.7425564527511597},"size":9.621074676513672,"orthographic":false}