{"cameraMode":{"drawMode":0,"name":"Shaded","section":"Shading Mode"},"sceneLighting":true,"audioPlay":false,"sceneViewState":{"showFog":true,"showMaterialUpdate":false,"showSkybox":true,"showFlares":true,"showImageEffects":true,"showParticleSystems":true},"in2DMode":false,"pivot":{"x":2.947826862335205,"y":1.1316370964050294,"z":-0.5542581081390381},"rotation":{"x":0.050248175859451297,"y":0.8141691088676453,"z":-0.07126802206039429,"w":0.5740424394607544},"size":8.158875465393067,"orthographic":false}